Dataset,Modelo,Seed,k,DSEL_perc,Tempo_segundos,MAE,RMSE,R2,MAE_RARE,RMSE_RARE,RARES_TEST,PERC_RARES_TEST,P10_train,P90_train
lungcancer,Decision Tree,0,,,0.031116724014282227,2.9843632958801494,4.037292727641155,-1.0758215110883151,4.78162280701754,5.820010019760868,19,21.34831460674157,0.9400000000000003,8.293333333333333
lungcancer,Decision Tree,0,,,0.031116724014282227,2.9843632958801494,4.037292727641155,-1.0758215110883151,4.78162280701754,5.820010019760868,19,21.34831460674157,0.9400000000000003,8.293333333333333
lungcancer,Random Forest,0,,,0.6785991191864014,2.0094940074906362,2.66006869394523,0.09885384656100138,4.191720614035084,4.652610693465813,19,21.34831460674157,0.9400000000000003,8.293333333333333
lungcancer,Random Forest,0,,,0.6785991191864014,2.0094940074906362,2.66006869394523,0.09885384656100138,4.191720614035084,4.652610693465813,19,21.34831460674157,0.9400000000000003,8.293333333333333
lungcancer,Bagging,0,,,10.546065092086792,2.0203191011235946,2.6703469150499144,0.0918765279154915,4.238298245614033,4.721968018352621,19,21.34831460674157,0.9400000000000003,8.293333333333333
lungcancer,Bagging,0,,,10.546065092086792,2.0203191011235946,2.6703469150499144,0.0918765279154915,4.238298245614033,4.721968018352621,19,21.34831460674157,0.9400000000000003,8.293333333333333
lungcancer,DESREG-SE,0,5.0,0.5,2.1483912467956543,1.9600404868913854,2.5877891571231735,0.147160500119629,4.136528888888887,4.527725409733416,19,21.34831460674157,0.9400000000000003,8.293333333333333
lungcancer,DESREG-SE,0,5.0,0.5,2.1483912467956543,1.9600404868913854,2.5877891571231735,0.147160500119629,4.136528888888887,4.527725409733416,19,21.34831460674157,0.9400000000000003,8.293333333333333
lungcancer,DESREG-DRS,0,5.0,0.5,31.86122226715088,2.122347003745318,2.765867562443003,0.025745789935368912,4.055177192982453,4.63451837448305,19,21.34831460674157,0.9400000000000003,8.293333333333333
lungcancer,DESREG-DRS,0,5.0,0.5,31.86122226715088,2.122347003745318,2.765867562443003,0.025745789935368912,4.055177192982453,4.63451837448305,19,21.34831460674157,0.9400000000000003,8.293333333333333
lungcancer,DESREG-DES,0,5.0,0.5,40.80122780799866,2.0766471142777316,2.6795445978628107,0.08560991408171792,4.234974431818179,4.619098603984138,19,21.34831460674157,0.9400000000000003,8.293333333333333
lungcancer,DESREG-DES,0,5.0,0.5,40.80122780799866,2.0766471142777316,2.6795445978628107,0.08560991408171792,4.234974431818179,4.619098603984138,19,21.34831460674157,0.9400000000000003,8.293333333333333
lungcancer,Decision Tree,1,,,0.0065746307373046875,2.506975655430711,3.3023487425680185,0.023503010204055874,3.138033333333334,3.9257647344179984,25,28.08988764044944,0.9798333333333334,8.068333333333332
lungcancer,Decision Tree,1,,,0.0065746307373046875,2.506975655430711,3.3023487425680185,0.023503010204055874,3.138033333333334,3.9257647344179984,25,28.08988764044944,0.9798333333333334,8.068333333333332
lungcancer,Random Forest,1,,,0.28981971740722656,1.9714401685393252,2.6673622198677847,0.36292724787177033,3.6130936666666673,4.3103587278287465,25,28.08988764044944,0.9798333333333334,8.068333333333332
lungcancer,Random Forest,1,,,0.28981971740722656,1.9714401685393252,2.6673622198677847,0.36292724787177033,3.6130936666666673,4.3103587278287465,25,28.08988764044944,0.9798333333333334,8.068333333333332
lungcancer,Bagging,1,,,0.24106216430664062,2.0038181647940068,2.7182125246803204,0.33840554320550065,3.6433233333333335,4.345215599958444,25,28.08988764044944,0.9798333333333334,8.068333333333332
lungcancer,Bagging,1,,,0.24106216430664062,2.0038181647940068,2.7182125246803204,0.33840554320550065,3.6433233333333335,4.345215599958444,25,28.08988764044944,0.9798333333333334,8.068333333333332
lungcancer,DESREG-SE,1,5.0,0.5,5.4914281368255615,2.0931936329588012,2.766852530318245,0.31451640743104237,3.8799369777777777,4.4354361837776946,25,28.08988764044944,0.9798333333333334,8.068333333333332
lungcancer,DESREG-SE,1,5.0,0.5,5.4914281368255615,2.0931936329588012,2.766852530318245,0.31451640743104237,3.8799369777777777,4.4354361837776946,25,28.08988764044944,0.9798333333333334,8.068333333333332
lungcancer,DESREG-DRS,1,5.0,0.5,30.576500415802002,2.161112734082397,3.008882147007717,0.18934625331655086,4.103925999999999,4.941331007083684,25,28.08988764044944,0.9798333333333334,8.068333333333332
lungcancer,DESREG-DRS,1,5.0,0.5,30.576500415802002,2.161112734082397,3.008882147007717,0.18934625331655086,4.103925999999999,4.941331007083684,25,28.08988764044944,0.9798333333333334,8.068333333333332
lungcancer,DESREG-DES,1,5.0,0.5,38.87595009803772,2.0706368932840986,2.847661873944924,0.2738908980944339,4.038200314814815,4.723565269009021,25,28.08988764044944,0.9798333333333334,8.068333333333332
lungcancer,DESREG-DES,1,5.0,0.5,38.87595009803772,2.0706368932840986,2.847661873944924,0.2738908980944339,4.038200314814815,4.723565269009021,25,28.08988764044944,0.9798333333333334,8.068333333333332
lungcancer,Decision Tree,2,,,0.006125688552856445,2.855889513108614,3.9630244496724503,-0.3996798499438461,3.974484126984127,4.943788708301361,21,23.595505617977526,0.8043333333333335,7.983333333333335
lungcancer,Decision Tree,2,,,0.006125688552856445,2.855889513108614,3.9630244496724503,-0.3996798499438461,3.974484126984127,4.943788708301361,21,23.595505617977526,0.8043333333333335,7.983333333333335
lungcancer,Random Forest,2,,,0.2721292972564697,2.111319288389512,2.786673530498979,0.307934193955096,4.044278571428571,4.650211385255461,21,23.595505617977526,0.8043333333333335,7.983333333333335
lungcancer,Random Forest,2,,,0.2721292972564697,2.111319288389512,2.786673530498979,0.307934193955096,4.044278571428571,4.650211385255461,21,23.595505617977526,0.8043333333333335,7.983333333333335
lungcancer,Bagging,2,,,0.2964804172515869,2.0879917602996247,2.8067459170768307,0.29792839879579647,4.114461904761903,4.746975958238594,21,23.595505617977526,0.8043333333333335,7.983333333333335
lungcancer,Bagging,2,,,0.2964804172515869,2.0879917602996247,2.8067459170768307,0.29792839879579647,4.114461904761903,4.746975958238594,21,23.595505617977526,0.8043333333333335,7.983333333333335
lungcancer,DESREG-SE,2,5.0,0.5,6.863741874694824,2.1842422721598,2.8921858454818086,0.2545344132780327,4.413864973544973,4.904027708412947,21,23.595505617977526,0.8043333333333335,7.983333333333335
lungcancer,DESREG-SE,2,5.0,0.5,6.863741874694824,2.1842422721598,2.8921858454818086,0.2545344132780327,4.413864973544973,4.904027708412947,21,23.595505617977526,0.8043333333333335,7.983333333333335
lungcancer,DESREG-DRS,2,5.0,0.5,30.160521984100342,2.3923936329588003,3.1712163021317803,0.10375460382539081,4.729601587301587,5.26946393870849,21,23.595505617977526,0.8043333333333335,7.983333333333335
lungcancer,DESREG-DRS,2,5.0,0.5,30.160521984100342,2.3923936329588003,3.1712163021317803,0.10375460382539081,4.729601587301587,5.26946393870849,21,23.595505617977526,0.8043333333333335,7.983333333333335
lungcancer,DESREG-DES,2,5.0,0.5,57.570021867752075,2.220440087296182,2.9251108191741864,0.23746487177993092,4.298439548374904,4.8755780067999455,21,23.595505617977526,0.8043333333333335,7.983333333333335
lungcancer,DESREG-DES,2,5.0,0.5,57.570021867752075,2.220440087296182,2.9251108191741864,0.23746487177993092,4.298439548374904,4.8755780067999455,21,23.595505617977526,0.8043333333333335,7.983333333333335
lungcancer,Decision Tree,3,,,0.01588749885559082,2.5660955056179766,3.6882976559571246,-0.6505707732300428,3.6415416666666665,5.1405105433053375,20,22.47191011235955,0.8566666666666672,8.08333333333333
lungcancer,Decision Tree,3,,,0.01588749885559082,2.5660955056179766,3.6882976559571246,-0.6505707732300428,3.6415416666666665,5.1405105433053375,20,22.47191011235955,0.8566666666666672,8.08333333333333
lungcancer,Random Forest,3,,,0.7236478328704834,2.3654930711610485,2.9050002363098635,-0.023940143255987367,3.3420045833333347,3.9447458860546596,20,22.47191011235955,0.8566666666666672,8.08333333333333
lungcancer,Random Forest,3,,,0.7236478328704834,2.3654930711610485,2.9050002363098635,-0.023940143255987367,3.3420045833333347,3.9447458860546596,20,22.47191011235955,0.8566666666666672,8.08333333333333
lungcancer,Bagging,3,,,0.5299017429351807,2.4041921348314608,2.9916526346858814,-0.08593681501874118,3.3839308333333356,4.021766583357855,20,22.47191011235955,0.8566666666666672,8.08333333333333
lungcancer,Bagging,3,,,0.5299017429351807,2.4041921348314608,2.9916526346858814,-0.08593681501874118,3.3839308333333356,4.021766583357855,20,22.47191011235955,0.8566666666666672,8.08333333333333
lungcancer,DESREG-SE,3,5.0,0.5,10.072997331619263,2.2451327215980026,2.68869344050503,0.12286831215466543,3.3663410555555564,3.7495507325549737,20,22.47191011235955,0.8566666666666672,8.08333333333333
lungcancer,DESREG-SE,3,5.0,0.5,10.072997331619263,2.2451327215980026,2.68869344050503,0.12286831215466543,3.3663410555555564,3.7495507325549737,20,22.47191011235955,0.8566666666666672,8.08333333333333
lungcancer,DESREG-DRS,3,5.0,0.5,50.139710664749146,2.1860971910112355,2.6923688190675175,0.12046863774378236,3.0105200000000014,3.4852549216863467,20,22.47191011235955,0.8566666666666672,8.08333333333333
lungcancer,DESREG-DRS,3,5.0,0.5,50.139710664749146,2.1860971910112355,2.6923688190675175,0.12046863774378236,3.0105200000000014,3.4852549216863467,20,22.47191011235955,0.8566666666666672,8.08333333333333
lungcancer,DESREG-DES,3,5.0,0.5,55.45722579956055,2.35719814638493,2.8474759705266113,0.016210096301427557,3.51236790277778,3.9515063212389756,20,22.47191011235955,0.8566666666666672,8.08333333333333
lungcancer,DESREG-DES,3,5.0,0.5,55.45722579956055,2.35719814638493,2.8474759705266113,0.016210096301427557,3.51236790277778,3.9515063212389756,20,22.47191011235955,0.8566666666666672,8.08333333333333
lungcancer,Decision Tree,4,,,0.018660783767700195,2.658932584269662,3.524496293953561,-0.5722317199368523,3.5381547619047606,4.221706468473663,14,15.730337078651685,0.8160000000000003,8.3
lungcancer,Decision Tree,4,,,0.018660783767700195,2.658932584269662,3.524496293953561,-0.5722317199368523,3.5381547619047606,4.221706468473663,14,15.730337078651685,0.8160000000000003,8.3
lungcancer,Random Forest,4,,,0.5373795032501221,2.1580962546816473,2.637849997513212,0.11931088506209764,3.356345238095234,3.824210542077781,14,15.730337078651685,0.8160000000000003,8.3
lungcancer,Random Forest,4,,,0.5373795032501221,2.1580962546816473,2.637849997513212,0.11931088506209764,3.356345238095234,3.824210542077781,14,15.730337078651685,0.8160000000000003,8.3
lungcancer,Bagging,4,,,0.4304842948913574,2.1840941947565535,2.686219215057696,0.08671707036875886,3.5127821428571386,4.038685338354798,14,15.730337078651685,0.8160000000000003,8.3
lungcancer,Bagging,4,,,0.4304842948913574,2.1840941947565535,2.686219215057696,0.08671707036875886,3.5127821428571386,4.038685338354798,14,15.730337078651685,0.8160000000000003,8.3
lungcancer,DESREG-SE,4,5.0,0.5,5.259019374847412,2.0672310112359544,2.555257743285036,0.17359704102843798,3.87161333333333,4.3167647444070925,14,15.730337078651685,0.8160000000000003,8.3
lungcancer,DESREG-SE,4,5.0,0.5,5.259019374847412,2.0672310112359544,2.555257743285036,0.17359704102843798,3.87161333333333,4.3167647444070925,14,15.730337078651685,0.8160000000000003,8.3
lungcancer,DESREG-DRS,4,5.0,0.5,30.82555389404297,1.9801891385767783,2.61410722950199,0.13509335486350116,3.723030952380948,4.483793797056656,14,15.730337078651685,0.8160000000000003,8.3
lungcancer,DESREG-DRS,4,5.0,0.5,30.82555389404297,1.9801891385767783,2.61410722950199,0.13509335486350116,3.723030952380948,4.483793797056656,14,15.730337078651685,0.8160000000000003,8.3
lungcancer,DESREG-DES,4,5.0,0.5,46.37628889083862,2.09230693521626,2.5846430890472476,0.1544805585707556,3.902228016474262,4.3754963088908125,14,15.730337078651685,0.8160000000000003,8.3
lungcancer,DESREG-DES,4,5.0,0.5,46.37628889083862,2.09230693521626,2.5846430890472476,0.1544805585707556,3.902228016474262,4.3754963088908125,14,15.730337078651685,0.8160000000000003,8.3
mortgage,Decision Tree,0,,,0.012459278106689453,0.14204761904761906,0.23699809121192364,0.9944875721548871,0.25069767441860463,0.3875744489622248,43,20.476190476190474,4.19,12.154000000000002
mortgage,Decision Tree,0,,,0.012459278106689453,0.14204761904761906,0.23699809121192364,0.9944875721548871,0.25069767441860463,0.3875744489622248,43,20.476190476190474,4.19,12.154000000000002
mortgage,Random Forest,0,,,0.40907883644104004,0.09771761904761887,0.1792584583911233,0.9968463569475569,0.17221395348837207,0.27868464548286015,43,20.476190476190474,4.19,12.154000000000002
mortgage,Random Forest,0,,,0.40907883644104004,0.09771761904761887,0.1792584583911233,0.9968463569475569,0.17221395348837207,0.27868464548286015,43,20.476190476190474,4.19,12.154000000000002
mortgage,Bagging,0,,,0.3356630802154541,0.09484095238095243,0.17704099552148392,0.9969238967579394,0.16140930232558134,0.2691312448913062,43,20.476190476190474,4.19,12.154000000000002
mortgage,Bagging,0,,,0.3356630802154541,0.09484095238095243,0.17704099552148392,0.9969238967579394,0.16140930232558134,0.2691312448913062,43,20.476190476190474,4.19,12.154000000000002
mortgage,DESREG-SE,0,5.0,0.5,5.2143800258636475,0.10311726984126987,0.18613784112656742,0.9965996582603819,0.18357953488372097,0.27634052113598084,43,20.476190476190474,4.19,12.154000000000002
mortgage,DESREG-SE,0,5.0,0.5,5.2143800258636475,0.10311726984126987,0.18613784112656742,0.9965996582603819,0.18357953488372097,0.27634052113598084,43,20.476190476190474,4.19,12.154000000000002
mortgage,DESREG-DRS,0,5.0,0.5,70.50662231445312,0.11695333333333333,0.22290195709367505,0.9951238058998966,0.1957581395348836,0.33810052447632044,43,20.476190476190474,4.19,12.154000000000002
mortgage,DESREG-DRS,0,5.0,0.5,70.50662231445312,0.11695333333333333,0.22290195709367505,0.9951238058998966,0.1957581395348836,0.33810052447632044,43,20.476190476190474,4.19,12.154000000000002
mortgage,DESREG-DES,0,5.0,0.5,95.74831032752991,0.089788817621532,0.15020205077120305,0.9977858606719839,0.14361890214436746,0.22599903856604284,43,20.476190476190474,4.19,12.154000000000002
mortgage,DESREG-DES,0,5.0,0.5,95.74831032752991,0.089788817621532,0.15020205077120305,0.9977858606719839,0.14361890214436746,0.22599903856604284,43,20.476190476190474,4.19,12.154000000000002
mortgage,Decision Tree,1,,,0.01206064224243164,0.11080952380952386,0.18800075987688383,0.9964027407432016,0.17977777777777765,0.2454429103115878,45,21.428571428571427,4.27,12.28
mortgage,Decision Tree,1,,,0.01206064224243164,0.11080952380952386,0.18800075987688383,0.9964027407432016,0.17977777777777765,0.2454429103115878,45,21.428571428571427,4.27,12.28
mortgage,Random Forest,1,,,-0.272707462310791,0.08153523809523795,0.143270245141331,0.9979108744643775,0.14260444444444303,0.20268684877580603,45,21.428571428571427,4.27,12.28
mortgage,Random Forest,1,,,-0.272707462310791,0.08153523809523795,0.143270245141331,0.9979108744643775,0.14260444444444303,0.20268684877580603,45,21.428571428571427,4.27,12.28
mortgage,Bagging,1,,,0.46874499320983887,0.08490476190476186,0.1445651673780639,0.9978729394334351,0.14874222222222222,0.21270523161303673,45,21.428571428571427,4.27,12.28
mortgage,Bagging,1,,,0.46874499320983887,0.08490476190476186,0.1445651673780639,0.9978729394334351,0.14874222222222222,0.21270523161303673,45,21.428571428571427,4.27,12.28
mortgage,DESREG-SE,1,5.0,0.5,3.840494155883789,0.09137638095238108,0.17057325315553887,0.9970387546329039,0.1667152592592595,0.24516954651882647,45,21.428571428571427,4.27,12.28
mortgage,DESREG-SE,1,5.0,0.5,3.840494155883789,0.09137638095238108,0.17057325315553887,0.9970387546329039,0.1667152592592595,0.24516954651882647,45,21.428571428571427,4.27,12.28
mortgage,DESREG-DRS,1,5.0,0.5,70.16723680496216,0.10807142857142853,0.18664392735647115,0.9964544773988915,0.17210666666666696,0.26492413673016346,45,21.428571428571427,4.27,12.28
mortgage,DESREG-DRS,1,5.0,0.5,70.16723680496216,0.10807142857142853,0.18664392735647115,0.9964544773988915,0.17210666666666696,0.26492413673016346,45,21.428571428571427,4.27,12.28
mortgage,DESREG-DES,1,5.0,0.5,103.98933482170105,0.08276807380185969,0.14583921420195275,0.9978352828352933,0.144413565977233,0.215532546966774,45,21.428571428571427,4.27,12.28
mortgage,DESREG-DES,1,5.0,0.5,103.98933482170105,0.08276807380185969,0.14583921420195275,0.9978352828352933,0.144413565977233,0.215532546966774,45,21.428571428571427,4.27,12.28
mortgage,Decision Tree,2,,,0.012870073318481445,0.1276190476190476,0.205870972074397,0.9960616386004278,0.20346938775510207,0.2878314416034326,49,23.333333333333332,4.266,12.102
mortgage,Decision Tree,2,,,0.012870073318481445,0.1276190476190476,0.205870972074397,0.9960616386004278,0.20346938775510207,0.2878314416034326,49,23.333333333333332,4.266,12.102
mortgage,Random Forest,2,,,0.6080179214477539,0.09111142857142827,0.16199789739964163,0.9975613802236083,0.15221020408163272,0.22880264778330897,49,23.333333333333332,4.266,12.102
mortgage,Random Forest,2,,,0.6080179214477539,0.09111142857142827,0.16199789739964163,0.9975613802236083,0.15221020408163272,0.22880264778330897,49,23.333333333333332,4.266,12.102
mortgage,Bagging,2,,,0.7098934650421143,0.09445047619047624,0.16207326444425998,0.9975591106346624,0.16447755102040787,0.2342927298601175,49,23.333333333333332,4.266,12.102
mortgage,Bagging,2,,,0.7098934650421143,0.09445047619047624,0.16207326444425998,0.9975591106346624,0.16447755102040787,0.2342927298601175,49,23.333333333333332,4.266,12.102
mortgage,DESREG-SE,2,5.0,0.5,4.823524713516235,0.09578717460317458,0.17629362395502504,0.9971119909712866,0.16680054421768725,0.24614326486990548,49,23.333333333333332,4.266,12.102
mortgage,DESREG-SE,2,5.0,0.5,4.823524713516235,0.09578717460317458,0.17629362395502504,0.9971119909712866,0.16680054421768725,0.24614326486990548,49,23.333333333333332,4.266,12.102
mortgage,DESREG-DRS,2,5.0,0.5,68.93947982788086,0.11851619047619033,0.20773001708949035,0.99599018949254,0.17506938775510186,0.27187753845870954,49,23.333333333333332,4.266,12.102
mortgage,DESREG-DRS,2,5.0,0.5,68.93947982788086,0.11851619047619033,0.20773001708949035,0.99599018949254,0.17506938775510186,0.27187753845870954,49,23.333333333333332,4.266,12.102
mortgage,DESREG-DES,2,5.0,0.5,95.1086995601654,0.08810463473563465,0.16150603031103264,0.9975761662902121,0.15672657831963963,0.2270222303711749,49,23.333333333333332,4.266,12.102
mortgage,DESREG-DES,2,5.0,0.5,95.1086995601654,0.08810463473563465,0.16150603031103264,0.9975761662902121,0.15672657831963963,0.2270222303711749,49,23.333333333333332,4.266,12.102
mortgage,Decision Tree,3,,,0.014678239822387695,0.14952380952380948,0.31393660263847933,0.9913606699691503,0.2648076923076921,0.5383361117654741,52,24.761904761904763,4.222000000000001,12.004000000000001
mortgage,Decision Tree,3,,,0.014678239822387695,0.14952380952380948,0.31393660263847933,0.9913606699691503,0.2648076923076921,0.5383361117654741,52,24.761904761904763,4.222000000000001,12.004000000000001
mortgage,Random Forest,3,,,0.4614720344543457,0.09822095238095217,0.18027533016657274,0.9971511554261019,0.17429230769230827,0.3068572751421951,52,24.761904761904763,4.222000000000001,12.004000000000001
mortgage,Random Forest,3,,,0.4614720344543457,0.09822095238095217,0.18027533016657274,0.9971511554261019,0.17429230769230827,0.3068572751421951,52,24.761904761904763,4.222000000000001,12.004000000000001
mortgage,Bagging,3,,,0.48409342765808105,0.10243809523809524,0.18477855678519364,0.9970070511273575,0.17618461538461508,0.3102237034042467,52,24.761904761904763,4.222000000000001,12.004000000000001
mortgage,Bagging,3,,,0.48409342765808105,0.10243809523809524,0.18477855678519364,0.9970070511273575,0.17618461538461508,0.3102237034042467,52,24.761904761904763,4.222000000000001,12.004000000000001
mortgage,DESREG-SE,3,5.0,0.5,6.787268400192261,0.09238209523809525,0.15504083885413114,0.9978928843363201,0.15303000000000042,0.24304392946104122,52,24.761904761904763,4.222000000000001,12.004000000000001
mortgage,DESREG-SE,3,5.0,0.5,6.787268400192261,0.09238209523809525,0.15504083885413114,0.9978928843363201,0.15303000000000042,0.24304392946104122,52,24.761904761904763,4.222000000000001,12.004000000000001
mortgage,DESREG-DRS,3,5.0,0.5,73.8629059791565,0.1197342857142855,0.21054819468642869,0.9961140321739065,0.21592692307692307,0.363900758872103,52,24.761904761904763,4.222000000000001,12.004000000000001
mortgage,DESREG-DRS,3,5.0,0.5,73.8629059791565,0.1197342857142855,0.21054819468642869,0.9961140321739065,0.21592692307692307,0.363900758872103,52,24.761904761904763,4.222000000000001,12.004000000000001
mortgage,DESREG-DES,3,5.0,0.5,92.6183569431305,0.09889607967429406,0.17038372788224154,0.9974552074262041,0.1776914101176608,0.2757959441607768,52,24.761904761904763,4.222000000000001,12.004000000000001
mortgage,DESREG-DES,3,5.0,0.5,92.6183569431305,0.09889607967429406,0.17038372788224154,0.9974552074262041,0.1776914101176608,0.2757959441607768,52,24.761904761904763,4.222000000000001,12.004000000000001
mortgage,Decision Tree,4,,,0.014393091201782227,0.11957142857142855,0.19253818421537158,0.9962406575786376,0.2317142857142856,0.3428577380947213,35,16.666666666666664,4.14,12.182000000000002
mortgage,Decision Tree,4,,,0.014393091201782227,0.11957142857142855,0.19253818421537158,0.9962406575786376,0.2317142857142856,0.3428577380947213,35,16.666666666666664,4.14,12.182000000000002
mortgage,Random Forest,4,,,0.4459209442138672,0.0760533333333332,0.12605054617285885,0.9983887326549842,0.16585142857142715,0.2534072712904191,35,16.666666666666664,4.14,12.182000000000002
mortgage,Random Forest,4,,,0.4459209442138672,0.0760533333333332,0.12605054617285885,0.9983887326549842,0.16585142857142715,0.2534072712904191,35,16.666666666666664,4.14,12.182000000000002
mortgage,Bagging,4,,,0.3874945640563965,0.07575047619047619,0.12248041087300053,0.9984787120998196,0.16653714285714272,0.24079960607466566,35,16.666666666666664,4.14,12.182000000000002
mortgage,Bagging,4,,,0.3874945640563965,0.07575047619047619,0.12248041087300053,0.9984787120998196,0.16653714285714272,0.24079960607466566,35,16.666666666666664,4.14,12.182000000000002
mortgage,DESREG-SE,4,5.0,0.5,5.1777870655059814,0.08075790476190478,0.1340266283358229,0.9981783693432431,0.17184800000000006,0.26759489219981153,35,16.666666666666664,4.14,12.182000000000002
mortgage,DESREG-SE,4,5.0,0.5,5.1777870655059814,0.08075790476190478,0.1340266283358229,0.9981783693432431,0.17184800000000006,0.26759489219981153,35,16.666666666666664,4.14,12.182000000000002
mortgage,DESREG-DRS,4,5.0,0.5,69.4858808517456,0.10934190476190475,0.2007234823854756,0.9959142244243532,0.26308,0.4158778213438583,35,16.666666666666664,4.14,12.182000000000002
mortgage,DESREG-DRS,4,5.0,0.5,69.4858808517456,0.10934190476190475,0.2007234823854756,0.9959142244243532,0.26308,0.4158778213438583,35,16.666666666666664,4.14,12.182000000000002
mortgage,DESREG-DES,4,5.0,0.5,94.91387438774109,0.07825096272246265,0.1335111023575832,0.998192355994164,0.19040707111935662,0.27253029971839215,35,16.666666666666664,4.14,12.182000000000002
mortgage,DESREG-DES,4,5.0,0.5,94.91387438774109,0.07825096272246265,0.1335111023575832,0.998192355994164,0.19040707111935662,0.27253029971839215,35,16.666666666666664,4.14,12.182000000000002
fuel,Decision Tree,0,,,0.021234989166259766,0.3453257790368272,0.5388320177409432,0.9086580680272879,0.4263157894736841,0.6128020200598833,76,21.529745042492916,5.1,9.3
fuel,Decision Tree,0,,,0.021234989166259766,0.3453257790368272,0.5388320177409432,0.9086580680272879,0.4263157894736841,0.6128020200598833,76,21.529745042492916,5.1,9.3
fuel,Random Forest,0,,,0.5374741554260254,0.2869095845136923,0.40303105251651744,0.948897702869016,0.3477335526315788,0.48638595464404716,76,21.529745042492916,5.1,9.3
fuel,Random Forest,0,,,0.5374741554260254,0.2869095845136923,0.40303105251651744,0.948897702869016,0.3477335526315788,0.48638595464404716,76,21.529745042492916,5.1,9.3
fuel,Bagging,0,,,1.550370693206787,0.2878111425873465,0.41194355588188214,0.9466125924516943,0.35115789473684195,0.4975867023100491,76,21.529745042492916,5.1,9.3
fuel,Bagging,0,,,1.550370693206787,0.2878111425873465,0.41194355588188214,0.9466125924516943,0.35115789473684195,0.4975867023100491,76,21.529745042492916,5.1,9.3
fuel,DESREG-SE,0,5.0,0.5,1.8812816143035889,0.3446997526867213,0.4728468239900115,0.9296596770363134,0.46148003341687516,0.6195663651002601,76,21.529745042492916,5.1,9.3
fuel,DESREG-SE,0,5.0,0.5,1.8812816143035889,0.3446997526867213,0.4728468239900115,0.9296596770363134,0.46148003341687516,0.6195663651002601,76,21.529745042492916,5.1,9.3
fuel,DESREG-DRS,0,5.0,0.5,115.54554057121277,0.3532521246458922,0.4986395883736913,0.9217765590438889,0.37926315789473686,0.5209017484890479,76,21.529745042492916,5.1,9.3
fuel,DESREG-DRS,0,5.0,0.5,115.54554057121277,0.3532521246458922,0.4986395883736913,0.9217765590438889,0.37926315789473686,0.5209017484890479,76,21.529745042492916,5.1,9.3
fuel,DESREG-DES,0,5.0,0.5,148.46408987045288,0.3048600022105688,0.44361233692927343,0.9380885983657652,0.3677609952912584,0.5234702523225969,76,21.529745042492916,5.1,9.3
fuel,DESREG-DES,0,5.0,0.5,148.46408987045288,0.3048600022105688,0.44361233692927343,0.9380885983657652,0.3677609952912584,0.5234702523225969,76,21.529745042492916,5.1,9.3
fuel,Decision Tree,1,,,0.01811695098876953,0.35722379603399435,0.6309981301292651,0.8692004850434394,0.5164556962025317,1.001391437014808,79,22.379603399433428,5.1,9.2
fuel,Decision Tree,1,,,0.01811695098876953,0.35722379603399435,0.6309981301292651,0.8692004850434394,0.5164556962025317,1.001391437014808,79,22.379603399433428,5.1,9.2
fuel,Random Forest,1,,,0.5562305450439453,0.2995552407932011,0.4760290805742941,0.925558184193232,0.42698734177215236,0.7605762305854986,79,22.379603399433428,5.1,9.2
fuel,Random Forest,1,,,0.5562305450439453,0.2995552407932011,0.4760290805742941,0.925558184193232,0.42698734177215236,0.7605762305854986,79,22.379603399433428,5.1,9.2
fuel,Bagging,1,,,1.8121118545532227,0.30130311614730876,0.4798855623734728,0.9243471388911912,0.4361012658227848,0.7730719913419893,79,22.379603399433428,5.1,9.2
fuel,Bagging,1,,,1.8121118545532227,0.30130311614730876,0.4798855623734728,0.9243471388911912,0.4361012658227848,0.7730719913419893,79,22.379603399433428,5.1,9.2
fuel,DESREG-SE,1,5.0,0.5,4.384947299957275,0.364199433427762,0.5638057399565315,0.8955739201460488,0.5387713080168774,0.902886858571523,79,22.379603399433428,5.1,9.2
fuel,DESREG-SE,1,5.0,0.5,4.384947299957275,0.364199433427762,0.5638057399565315,0.8955739201460488,0.5387713080168774,0.902886858571523,79,22.379603399433428,5.1,9.2
fuel,DESREG-DRS,1,5.0,0.5,111.04219794273376,0.3679830028328611,0.6917927852980026,0.8427820801462681,0.4952911392405065,0.9818826659129152,79,22.379603399433428,5.1,9.2
fuel,DESREG-DRS,1,5.0,0.5,111.04219794273376,0.3679830028328611,0.6917927852980026,0.8427820801462681,0.4952911392405065,0.9818826659129152,79,22.379603399433428,5.1,9.2
fuel,DESREG-DES,1,5.0,0.5,159.13131260871887,0.32903612919972697,0.5090052413872379,0.91488727450458,0.4540737181946043,0.7930505068554773,79,22.379603399433428,5.1,9.2
fuel,DESREG-DES,1,5.0,0.5,159.13131260871887,0.32903612919972697,0.5090052413872379,0.91488727450458,0.4540737181946043,0.7930505068554773,79,22.379603399433428,5.1,9.2
fuel,Decision Tree,2,,,0.026543378829956055,0.38328611898017,0.8092419423426217,0.8273494273840281,0.5844155844155845,1.4198957342368128,77,21.813031161473088,5.1,9.2
fuel,Decision Tree,2,,,0.026543378829956055,0.38328611898017,0.8092419423426217,0.8273494273840281,0.5844155844155845,1.4198957342368128,77,21.813031161473088,5.1,9.2
fuel,Random Forest,2,,,0.5298700332641602,0.3097294617563745,0.5343321073934284,0.9247279406602614,0.4414480519480535,0.892561731649525,77,21.813031161473088,5.1,9.2
fuel,Random Forest,2,,,0.5298700332641602,0.3097294617563745,0.5343321073934284,0.9247279406602614,0.4414480519480535,0.892561731649525,77,21.813031161473088,5.1,9.2
fuel,Bagging,2,,,1.8935580253601074,0.31236543909348446,0.5480291305390809,0.9208194446245173,0.4571948051948054,0.9262538430787655,77,21.813031161473088,5.1,9.2
fuel,Bagging,2,,,1.8935580253601074,0.31236543909348446,0.5480291305390809,0.9208194446245173,0.4571948051948054,0.9262538430787655,77,21.813031161473088,5.1,9.2
fuel,DESREG-SE,2,5.0,0.5,3.0223405361175537,0.3840459867799812,0.6495050987375842,0.8887816660925048,0.6465506493506495,1.1414602829223528,77,21.813031161473088,5.1,9.2
fuel,DESREG-SE,2,5.0,0.5,3.0223405361175537,0.3840459867799812,0.6495050987375842,0.8887816660925048,0.6465506493506495,1.1414602829223528,77,21.813031161473088,5.1,9.2
fuel,DESREG-DRS,2,5.0,0.5,112.57315611839294,0.40050047214353157,0.7379176743898306,0.8564421053383348,0.6358181818181817,1.21721749969282,77,21.813031161473088,5.1,9.2
fuel,DESREG-DRS,2,5.0,0.5,112.57315611839294,0.40050047214353157,0.7379176743898306,0.8564421053383348,0.6358181818181817,1.21721749969282,77,21.813031161473088,5.1,9.2
fuel,DESREG-DES,2,5.0,0.5,185.68353915214539,0.3357174210402965,0.5651176689560042,0.9158044714241791,0.4926188714604301,0.9426985620913324,77,21.813031161473088,5.1,9.2
fuel,DESREG-DES,2,5.0,0.5,185.68353915214539,0.3357174210402965,0.5651176689560042,0.9158044714241791,0.4926188714604301,0.9426985620913324,77,21.813031161473088,5.1,9.2
fuel,Decision Tree,3,,,0.021323204040527344,0.3237960339943343,0.5467648867289975,0.9185332120913111,0.38139534883720944,0.6583983384646588,86,24.362606232294617,5.1,9.2
fuel,Decision Tree,3,,,0.021323204040527344,0.3237960339943343,0.5467648867289975,0.9185332120913111,0.38139534883720944,0.6583983384646588,86,24.362606232294617,5.1,9.2
fuel,Random Forest,3,,,0.5785167217254639,0.3131529745042497,0.4633287277031443,0.9414997371405602,0.488453488372094,0.6792561167137365,86,24.362606232294617,5.1,9.2
fuel,Random Forest,3,,,0.5785167217254639,0.3131529745042497,0.4633287277031443,0.9414997371405602,0.488453488372094,0.6792561167137365,86,24.362606232294617,5.1,9.2
fuel,Bagging,3,,,0.9089875221252441,0.31760339943342775,0.47176211175229604,0.939350743941398,0.4959069767441861,0.6886403861198883,86,24.362606232294617,5.1,9.2
fuel,Bagging,3,,,0.9089875221252441,0.31760339943342775,0.47176211175229604,0.939350743941398,0.4959069767441861,0.6886403861198883,86,24.362606232294617,5.1,9.2
fuel,DESREG-SE,3,5.0,0.5,7.293443441390991,0.36492766761095374,0.5806031239673033,0.9081375345751067,0.5891689922480622,0.9494253308790159,86,24.362606232294617,5.1,9.2
fuel,DESREG-SE,3,5.0,0.5,7.293443441390991,0.36492766761095374,0.5806031239673033,0.9081375345751067,0.5891689922480622,0.9494253308790159,86,24.362606232294617,5.1,9.2
fuel,DESREG-DRS,3,5.0,0.5,115.10804033279419,0.37078186968838533,0.5711845353045764,0.9110937604359114,0.5110232558139537,0.768365465369243,86,24.362606232294617,5.1,9.2
fuel,DESREG-DRS,3,5.0,0.5,115.10804033279419,0.37078186968838533,0.5711845353045764,0.9110937604359114,0.5110232558139537,0.768365465369243,86,24.362606232294617,5.1,9.2
fuel,DESREG-DES,3,5.0,0.5,160.2296600341797,0.35049056414155577,0.5271156918216431,0.9242833744731234,0.543875935563145,0.7934894982117777,86,24.362606232294617,5.1,9.2
fuel,DESREG-DES,3,5.0,0.5,160.2296600341797,0.35049056414155577,0.5271156918216431,0.9242833744731234,0.543875935563145,0.7934894982117777,86,24.362606232294617,5.1,9.2
fuel,Decision Tree,4,,,0.023622751235961914,0.3702549575070821,0.7789547729127962,0.8322880245167269,0.646875,1.3340492869455762,96,27.19546742209632,5.1,9.1
fuel,Decision Tree,4,,,0.023622751235961914,0.3702549575070821,0.7789547729127962,0.8322880245167269,0.646875,1.3340492869455762,96,27.19546742209632,5.1,9.1
fuel,Random Forest,4,,,0.6069798469543457,0.31315014164305893,0.648959109918036,0.8835942976029157,0.5092708333333335,1.1303711226849358,96,27.19546742209632,5.1,9.1
fuel,Random Forest,4,,,0.6069798469543457,0.31315014164305893,0.648959109918036,0.8835942976029157,0.5092708333333335,1.1303711226849358,96,27.19546742209632,5.1,9.1
fuel,Bagging,4,,,0.6865386962890625,0.31648725212464585,0.6516901886502533,0.8826124727517368,0.5201458333333333,1.1374898351194176,96,27.19546742209632,5.1,9.1
fuel,Bagging,4,,,0.6865386962890625,0.31648725212464585,0.6516901886502533,0.8826124727517368,0.5201458333333333,1.1374898351194176,96,27.19546742209632,5.1,9.1
fuel,DESREG-SE,4,5.0,0.5,4.874917030334473,0.37249329556185073,0.7115553139139689,0.8600551497533089,0.624948611111111,1.2292221943766506,96,27.19546742209632,5.1,9.1
fuel,DESREG-SE,4,5.0,0.5,4.874917030334473,0.37249329556185073,0.7115553139139689,0.8600551497533089,0.624948611111111,1.2292221943766506,96,27.19546742209632,5.1,9.1
fuel,DESREG-DRS,4,5.0,0.5,112.89458799362183,0.3650878186968838,0.7766413050526485,0.8332827423385782,0.6214583333333333,1.3075950252276123,96,27.19546742209632,5.1,9.1
fuel,DESREG-DRS,4,5.0,0.5,112.89458799362183,0.3650878186968838,0.7766413050526485,0.8332827423385782,0.6214583333333333,1.3075950252276123,96,27.19546742209632,5.1,9.1
fuel,DESREG-DES,4,5.0,0.5,162.88586139678955,0.33526236791222624,0.6721090110660972,0.8751412377785505,0.5685333333333334,1.170714330720905,96,27.19546742209632,5.1,9.1
fuel,DESREG-DES,4,5.0,0.5,162.88586139678955,0.33526236791222624,0.6721090110660972,0.8751412377785505,0.5685333333333334,1.170714330720905,96,27.19546742209632,5.1,9.1
